INSERT INTO Departamento (Codigo, Nome) VALUES
('DEP001', 'Ciência da Computação'),
('DEP002', 'Engenharia Elétrica'),
('DEP003', 'Administração'),
('DEP004', 'Medicina'),
('DEP005', 'Direito'),
('DEP006', 'Arquitetura'),
('DEP007', 'Psicologia'),
('DEP008', 'Matemática'),
('DEP009', 'Física'),
('DEP010', 'Química'),
('DEP011', 'Biologia'),
('DEP012', 'História'),
('DEP013', 'Letras'),
('DEP014', 'Economia'),
('DEP015', 'Farmácia'),
('DEP016', 'Educação Física'),
('DEP017', 'Música'),
('DEP018', 'Artes Visuais'),
('DEP019', 'Engenharia Civil'),
('DEP020', 'Enfermagem');


INSERT INTO Curso (Codigo, Nome, Departamento, Classificacao, CargaHoraria, NumeroVagas, Ementa) VALUES
('CUR001', 'Ciência da Computação', 'DEP001', 'Bacharelado', 3200, 50, 'Fundamentos de computação e programação'),
('CUR002', 'Engenharia Elétrica', 'DEP002', 'Bacharelado', 3500, 40, 'Sistemas elétricos e eletrônicos'),
('CUR003', 'Administração', 'DEP003', 'Bacharelado', 3000, 60, 'Gestão de empresas e negócios'),
('CUR004', 'Medicina', 'DEP004', 'Bacharelado', 8000, 100, 'Ciências médicas e saúde humana'),
('CUR005', 'Direito Civil', 'DEP005', 'Bacharelado', 3600, 70, 'Legislação e práticas jurídicas'),
('CUR006', 'Arquitetura', 'DEP006', 'Bacharelado', 4000, 30, 'Projetos e planejamento urbano'),
('CUR007', 'Psicologia', 'DEP007', 'Bacharelado', 3400, 45, 'Comportamento humano e saúde mental'),
('CUR008', 'Matemática', 'DEP008', 'Licenciatura', 2800, 35, 'Cálculo e álgebra avançada'),
('CUR009', 'Física', 'DEP009', 'Bacharelado', 3200, 25, 'Fenômenos físicos e teorias'),
('CUR010', 'Química', 'DEP010', 'Bacharelado', 3300, 30, 'Reações químicas e análise'),
('CUR011', 'Biologia', 'DEP011', 'Bacharelado', 3100, 40, 'Estudo da vida e ecossistemas'),
('CUR012', 'História', 'DEP012', 'Licenciatura', 2700, 35, 'Análise histórica e cultural'),
('CUR013', 'Letras', 'DEP013', 'Licenciatura', 2600, 40, 'Língua portuguesa e literatura'),
('CUR014', 'Economia', 'DEP014', 'Bacharelado', 2900, 50, 'Teorias econômicas e mercado'),
('CUR015', 'Farmácia', 'DEP015', 'Bacharelado', 3800, 40, 'Medicamentos e saúde pública'),
('CUR016', 'Educação Física', 'DEP016', 'Licenciatura', 3000, 50, 'Práticas esportivas e saúde'),
('CUR017', 'Música', 'DEP017', 'Bacharelado', 3100, 20, 'Teoria e prática musical'),
('CUR018', 'Artes Visuais', 'DEP018', 'Bacharelado', 2900, 25, 'Técnicas e história da arte'),
('CUR019', 'Engenharia Civil', 'DEP019', 'Bacharelado', 3700, 35, 'Construção e infraestrutura'),
('CUR020', 'Enfermagem', 'DEP020', 'Bacharelado', 3500, 60, 'Cuidados de saúde e enfermagem');


INSERT INTO Usuario (Nome, Sobrenome, Telefone, Posicao, Data_Nasc, Endereco, Sexo, Email) VALUES
('João', 'Silva', '11999991111', 'Aluno', '2000-05-15', 'Rua A, 123', 'M', 'joao.silva@email.com'),
('Maria', 'Souza', '11999992222', 'Aluno', '2001-03-22', 'Av B, 456', 'F', 'maria.souza@email.com'),
('Carlos', 'Oliveira', '11999993333', 'Professor', '1980-11-10', 'Rua C, 789', 'M', 'carlos.oliveira@email.com'),
('Ana', 'Costa', '11999994444', 'Professor', '1975-07-30', 'Av D, 101', 'F', 'ana.costa@email.com'),
('Pedro', 'Rocha', '11999995555', 'Funcionário', '1990-02-14', 'Rua E, 202', 'M', 'pedro.rocha@email.com'),
('Juliana', 'Lima', '11999996666', 'Aluno', '2002-08-19', 'Av F, 303', 'F', 'juliana.lima@email.com'),
('Marcos', 'Pereira', '11999997777', 'Aluno', '1999-12-05', 'Rua G, 404', 'M', 'marcos.pereira@email.com'),
('Fernanda', 'Alves', '11999998888', 'Professor', '1982-04-17', 'Av H, 505', 'F', 'fernanda.alves@email.com'),
('Ricardo', 'Mendes', '11999999999', 'Funcionário', '1988-09-25', 'Rua I, 606', 'M', 'ricardo.mendes@email.com'),
('Patrícia', 'Gomes', '11888881111', 'Aluno', '2003-01-30', 'Av J, 707', 'F', 'patricia.gomes@email.com'),
('Lucas', 'Martins', '11888882222', 'Aluno', '2000-07-12', 'Rua K, 808', 'M', 'lucas.martins@email.com'),
('Amanda', 'Barbosa', '11888883333', 'Professor', '1978-06-08', 'Av L, 909', 'F', 'amanda.barbosa@email.com'),
('Roberto', 'Santos', '11888884444', 'Funcionário', '1992-03-03', 'Rua M, 1010', 'M', 'roberto.santos@email.com'),
('Carla', 'Ferreira', '11888885555', 'Aluno', '2001-10-15', 'Av N, 1111', 'F', 'carla.ferreira@email.com'),
('Felipe', 'Rodrigues', '11888886666', 'Aluno', '1998-11-20', 'Rua O, 1212', 'M', 'felipe.rodrigues@email.com'),
('Sandra', 'Nunes', '11888887777', 'Professor', '1985-08-07', 'Av P, 1313', 'F', 'sandra.nunes@email.com'),
('Gabriel', 'Castro', '11888888888', 'Funcionário', '1991-04-18', 'Rua Q, 1414', 'M', 'gabriel.castro@email.com'),
('Tatiane', 'Ribeiro', '11888889999', 'Aluno', '2002-02-28', 'Av R, 1515', 'F', 'tatiane.ribeiro@email.com'),
('Bruno', 'Carvalho', '11777771111', 'Aluno', '1999-09-09', 'Rua S, 1616', 'M', 'bruno.carvalho@email.com'),
('Vanessa', 'Cardoso', '11777772222', 'Professor', '1983-12-12', 'Av T, 1717', 'F', 'vanessa.cardoso@email.com');


INSERT INTO Aluno (Nome, Sobrenome, Telefone)
SELECT Nome, Sobrenome, Telefone FROM Usuario WHERE Posicao = 'Aluno';


INSERT INTO Professor (Nome, Sobrenome, Telefone, Especializacao, Titulacao) VALUES
('Carlos', 'Oliveira', '11999993333', 'Inteligência Artificial', 'Doutor'),
('Ana', 'Costa', '11999994444', 'Bioquímica', 'Pós-Doutor'),
('Fernanda', 'Alves', '11999998888', 'Direito Constitucional', 'Doutor'),
('Amanda', 'Barbosa', '11888883333', 'Física Quântica', 'Doutor'),
('Sandra', 'Nunes', '11888887777', 'Psicologia Clínica', 'Mestre'),
('Vanessa', 'Cardoso', '11777772222', 'Economia Internacional', 'Doutor');

INSERT INTO Funcionario (Nome, Sobrenome, Telefone, Operacao) VALUES
('Pedro', 'Rocha', '11999995555', 'Secretaria'),
('Ricardo', 'Mendes', '11999999999', 'Biblioteca'),
('Roberto', 'Santos', '11888884444', 'Tesouraria'),
('Gabriel', 'Castro', '11888888888', 'TI');

INSERT INTO Disciplina (Codigo, Nome, QuantAulas, MaterialDidatico) VALUES
('DISC001', 'Programação I', 60, 'Livro: Introdução à Programação'),
('DISC002', 'Cálculo I', 60, 'Apostila de Cálculo'),
('DISC003', 'Anatomia', 80, 'Atlas de Anatomia'),
('DISC004', 'Direito Penal', 50, 'Código Penal Comentado'),
('DISC005', 'Física I', 60, 'Física para Universitários'),
('DISC006', 'Psicologia Social', 45, 'Manual de Psicologia'),
('DISC007', 'Literatura Brasileira', 40, 'Antologia Literária'),
('DISC008', 'Microeconomia', 50, 'Princípios de Economia'),
('DISC009', 'Bioquímica', 70, 'Bioquímica Ilustrada'),
('DISC010', 'Desenho Arquitetônico', 55, 'Técnicas de Desenho'),
('DISC011', 'Banco de Dados', 65, 'SQL e Teoria Relacional'),
('DISC012', 'Álgebra Linear', 50, 'Álgebra Moderna'),
('DISC013', 'Farmacologia', 75, 'Farmacologia Básica'),
('DISC014', 'Educação Inclusiva', 40, 'Guia de Inclusão'),
('DISC015', 'Marketing', 45, 'Marketing Digital'),
('DISC016', 'Circuitos Elétricos', 60, 'Eletrônica Básica'),
('DISC017', 'História da Arte', 35, 'Arte Através dos Séculos'),
('DISC018', 'Enfermagem Clínica', 85, 'Procedimentos Clínicos'),
('DISC019', 'Mecânica dos Fluidos', 55, 'Hidráulica Aplicada'),
('DISC020', 'Genética', 65, 'Genética Molecular');

-- Inserção de 20 matrículas
INSERT INTO Matricula VALUES
('João', 'Silva', '11999991111', 'DISC001', '2023-02-10', 1, 0, 0, 0, 8.5, 500.00, 200.00, '2023-06-30', 1200.00),
('Maria', 'Souza', '11999992222', 'DISC003', '2023-02-12', 1, 0, 0, 0, 9.0, 0.00, 300.00, '2023-06-30', 1500.00),
('Juliana', 'Lima', '11999996666', 'DISC002', '2023-02-15', 1, 0, 0, 0, 7.8, 1000.00, 0.00, '2023-06-30', 800.00),
('Marcos', 'Pereira', '11999997777', 'DISC005', '2023-02-18', 1, 0, 0, 0, 6.5, 0.00, 400.00, '2023-06-30', 1100.00),
('Patrícia', 'Gomes', '11888881111', 'DISC004', '2023-02-20', 1, 0, 0, 0, 8.9, 800.00, 200.00, '2023-06-30', 900.00),
('Lucas', 'Martins', '11888882222', 'DISC006', '2023-02-22', 1, 0, 0, 0, 7.2, 0.00, 500.00, '2023-06-30', 1300.00),
('Carla', 'Ferreira', '11888885555', 'DISC007', '2023-02-25', 1, 0, 0, 0, 9.5, 1200.00, 0.00, '2023-06-30', 700.00),
('Felipe', 'Rodrigues', '11888886666', 'DISC008', '2023-02-28', 1, 0, 0, 0, 5.8, 0.00, 600.00, '2023-06-30', 1600.00),
('Tatiane', 'Ribeiro', '11888889999', 'DISC009', '2023-03-01', 1, 0, 0, 0, 8.1, 900.00, 300.00, '2023-06-30', 1000.00),
('Bruno', 'Carvalho', '11777771111', 'DISC010', '2023-03-03', 1, 0, 0, 0, 6.9, 0.00, 700.00, '2023-06-30', 1400.00),
('João', 'Silva', '11999991111', 'DISC011', '2023-03-05', 1, 0, 0, 0, 7.7, 600.00, 200.00, '2023-06-30', 1250.00),
('Maria', 'Souza', '11999992222', 'DISC012', '2023-03-08', 1, 0, 0, 0, 8.3, 0.00, 400.00, '2023-06-30', 950.00),
('Juliana', 'Lima', '11999996666', 'DISC013', '2023-03-10', 1, 0, 0, 0, 9.1, 1100.00, 0.00, '2023-06-30', 850.00),
('Marcos', 'Pereira', '11999997777', 'DISC014', '2023-03-12', 1, 0, 0, 0, 4.5, 0.00, 800.00, '2023-06-30', 1700.00),
('Patrícia', 'Gomes', '11888881111', 'DISC015', '2023-03-15', 1, 0, 0, 0, 8.0, 700.00, 300.00, '2023-06-30', 1150.00),
('Lucas', 'Martins', '11888882222', 'DISC016', '2023-03-18', 1, 0, 0, 0, 6.8, 0.00, 900.00, '2023-06-30', 1350.00),
('Carla', 'Ferreira', '11888885555', 'DISC017', '2023-03-20', 1, 0, 0, 0, 9.2, 1300.00, 0.00, '2023-06-30', 750.00),
('Felipe', 'Rodrigues', '11888886666', 'DISC018', '2023-03-22', 1, 0, 0, 0, 5.0, 0.00, 1000.00, '2023-06-30', 1800.00),
('Tatiane', 'Ribeiro', '11888889999', 'DISC019', '2023-03-25', 1, 0, 0, 0, 7.5, 1000.00, 400.00, '2023-06-30', 1050.00),
('Bruno', 'Carvalho', '11777771111', 'DISC020', '2023-03-28', 1, 0, 0, 0, 8.7, 0.00, 1100.00, '2023-06-30', 1450.00);


INSERT INTO SalaCurso VALUES
('CUR001', 'Sala 101'),
('CUR001', 'Lab 201'),
('CUR002', 'Sala 102'),
('CUR003', 'Sala 103'),
('CUR004', 'Anfiteatro'),
('CUR005', 'Sala 201'),
('CUR006', 'Estúdio'),
('CUR007', 'Sala 301'),
('CUR008', 'Lab Matem'),
('CUR009', 'Lab Física'),
('CUR010', 'Lab Química'),
('CUR011', 'Lab Biologia'),
('CUR012', 'Sala 202'),
('CUR013', 'Auditório B'),
('CUR014', 'Sala 302'),
('CUR015', 'Lab Farmácia'),
('CUR016', 'Ginásio'),
('CUR017', 'Sala Música'),
('CUR018', 'Ateliê'),
('CUR019', 'Lab Civil');

INSERT INTO PreRequisitos VALUES
('CUR001', 'CUR008'),
('CUR002', 'CUR009'),
('CUR003', 'CUR014'),
('CUR004', 'CUR011'),
('CUR005', 'CUR012'),
('CUR006', 'CUR018'),
('CUR007', 'CUR011'),
('CUR008', 'CUR009'),
('CUR009', 'CUR010'),
('CUR010', 'CUR011'),
('CUR011', 'CUR009'),
('CUR012', 'CUR013'),
('CUR013', 'CUR012'),
('CUR014', 'CUR008'),
('CUR015', 'CUR010'),
('CUR016', 'CUR007'),
('CUR017', 'CUR018'),
('CUR018', 'CUR013'),
('CUR019', 'CUR002'),
('CUR020', 'CUR004');

INSERT INTO Ministracao VALUES
('2023-02-01', '2023-06-30', 'DISC001', 'Carlos', 'Oliveira', '11999993333'),
('2023-02-01', '2023-06-30', 'DISC003', 'Ana', 'Costa', '11999994444'),
('2023-02-01', '2023-06-30', 'DISC004', 'Fernanda', 'Alves', '11999998888'),
('2023-02-01', '2023-06-30', 'DISC005', 'Amanda', 'Barbosa', '11888883333'),
('2023-02-01', '2023-06-30', 'DISC006', 'Sandra', 'Nunes', '11888887777');

-- [Todas as outras tabelas seguiriam padrão similar...]

INSERT INTO Associar VALUES
('Pedro', 'Rocha', '11999995555', 'João', 'Silva', '11999991111', 'Carlos', 'Oliveira', '11999993333', 'DISC001', 'CUR001'),
('Ricardo', 'Mendes', '11999999999', 'Maria', 'Souza', '11999992222', 'Ana', 'Costa', '11999994444', 'DISC003', 'CUR004'),
('Roberto', 'Santos', '11888884444', 'Juliana', 'Lima', '11999996666', 'Fernanda', 'Alves', '11999998888', 'DISC004', 'CUR005'),
('Gabriel', 'Castro', '11888888888', 'Marcos', 'Pereira', '11999997777', 'Amanda', 'Barbosa', '11888883333', 'DISC005', 'CUR002'),
('Pedro', 'Rocha', '11999995555', 'Patrícia', 'Gomes', '11888881111', 'Sandra', 'Nunes', '11888887777', 'DISC006', 'CUR007');

INSERT INTO Regras (Regra) VALUES
('Frequência mínima de 75%'),
('Nota mínima para aprovação: 7.0'),
('Prova final obrigatória para média entre 4.0-6.9'),
('Entrega de trabalho final obrigatória'),
('Participação em 80% das atividades práticas'),
('Proibido uso de dispositivos eletrônicos durante provas'),
('Cumprimento do código de ética acadêmica'),
('Limite máximo de faltas: 25% da carga horária'),
('Apresentação de documento oficial nas avaliações'),
('Requisito de 200 horas de atividades complementares'),
('Defesa pública de TCC obrigatória'),
('Nível B2 em língua estrangeira comprovado'),
('Publicação de artigo científico'),
('Estágio supervisionado obrigatório'),
('Participação em evento científico'),
('Entrega de relatórios quinzenais'),
('Avaliação contínua do desempenho'),
('Projeto integrador semestral'),
('Exame de qualificação para mestrado'),
('Defesa de dissertação para doutorado');

INSERT INTO Necessidades (Necessidade) VALUES
('Laboratório de Informática'),
('Projetor Multimídia'),
('Lousa Digital'),
('Microscópios Binoculares'),
('Bancada de Química'),
('Kit de Anatomia Humana'),
('Simuladores Médicos'),
('Estúdio de Gravação'),
('Instrumentos Musicais'),
('Quadra Poliesportiva Coberta'),
('Biblioteca com Acervo Atualizado'),
('Sala de Videoconferência'),
('Computadores de Alto Desempenho'),
('Software de Simulação de Engenharia'),
('Máquinas de Prototipagem'),
('Laboratório de Robótica'),
('Estufas para Pesquisa Botânica'),
('Tanques para Estudos Aquáticos'),
('Acervo de Obras de Arte'),
('Equipamentos de Educação Física Adaptada');

INSERT INTO UnidadeEscola (Cidade, Estado, Pais, Predio) VALUES
('São Paulo', 'SP', 'Brasil', 'Bloco A'),
('São Paulo', 'SP', 'Brasil', 'Bloco B'),
('Rio de Janeiro', 'RJ', 'Brasil', 'Sede Principal'),
('Belo Horizonte', 'MG', 'Brasil', 'Prédio Central'),
('Porto Alegre', 'RS', 'Brasil', 'Campus Norte'),
('Brasília', 'DF', 'Brasil', 'Asa Sul'),
('Salvador', 'BA', 'Brasil', 'Unidade Costeira'),
('Fortaleza', 'CE', 'Brasil', 'Prédio Histórico'),
('Curitiba', 'PR', 'Brasil', 'Torre de Ciências'),
('Recife', 'PE', 'Brasil', 'Campus Beira-Mar'),
('Manaus', 'AM', 'Brasil', 'Centro de Pesquisas'),
('Florianópolis', 'SC', 'Brasil', 'Unidade Ilha'),
('Goiânia', 'GO', 'Brasil', 'Complexo Educacional'),
('Campinas', 'SP', 'Brasil', 'Tecnopark'),
('Vitória', 'ES', 'Brasil', 'Sede Administrativa'),
('Natal', 'RN', 'Brasil', 'Unidade Praia'),
('Cuiabá', 'MT', 'Brasil', 'Centro Oeste'),
('Maceió', 'AL', 'Brasil', 'Campus Litoral'),
('João Pessoa', 'PB', 'Brasil', 'Prédio Verde'),
('Aracaju', 'SE', 'Brasil', 'Unidade Nordeste');

INSERT INTO Mensagem VALUES
('João', 'Silva', '11999991111', 'Secretaria', 'João Silva', 'Preciso de histórico escolar', '09:15:00', '2023-04-01'),
('Maria', 'Souza', '11999992222', 'Biblioteca', 'Maria Souza', 'Renovação de empréstimo', '10:30:00', '2023-04-02'),
('Carlos', 'Oliveira', '11999993333', 'Coordenação', 'Carlos Oliveira', 'Solicito reunião pedagógica', '11:45:00', '2023-04-03'),
('Ana', 'Costa', '11999994444', 'Tesouraria', 'Ana Costa', 'Dúvida sobre mensalidade', '14:20:00', '2023-04-04'),
('Pedro', 'Rocha', '11999995555', 'TI', 'Pedro Rocha', 'Problema com acesso ao portal', '15:10:00', '2023-04-05'),
('Juliana', 'Lima', '11999996666', 'Professor', 'Juliana Lima', 'Dúvida sobre conteúdo da prova', '08:30:00', '2023-04-06'),
('Marcos', 'Pereira', '11999997777', 'Aluno', 'Marcos Pereira', 'Material complementar', '16:45:00', '2023-04-07'),
('Fernanda', 'Alves', '11999998888', 'Secretaria', 'Fernanda Alves', 'Emissão de certificado', '09:05:00', '2023-04-08'),
('Ricardo', 'Mendes', '11999999999', 'Coordenação', 'Ricardo Mendes', 'Relatório de atividades', '10:15:00', '2023-04-09'),
('Patrícia', 'Gomes', '11888881111', 'Biblioteca', 'Patrícia Gomes', 'Reserva de livro', '11:25:00', '2023-04-10'),
('Lucas', 'Martins', '11888882222', 'Tesouraria', 'Lucas Martins', 'Segunda via de boleto', '13:40:00', '2023-04-11'),
('Amanda', 'Barbosa', '11888883333', 'Aluno', 'Amanda Barbosa', 'Feedback sobre trabalho', '14:50:00', '2023-04-12'),
('Roberto', 'Santos', '11888884444', 'TI', 'Roberto Santos', 'Atualização de software', '15:55:00', '2023-04-13'),
('Carla', 'Ferreira', '11888885555', 'Professor', 'Carla Ferreira', 'Solicitação de orientação', '08:10:00', '2023-04-14'),
('Felipe', 'Rodrigues', '11888886666', 'Secretaria', 'Felipe Rodrigues', 'Declaração de matrícula', '09:20:00', '2023-04-15'),
('Sandra', 'Nunes', '11888887777', 'Coordenação', 'Sandra Nunes', 'Proposta de novo curso', '10:30:00', '2023-04-16'),
('Gabriel', 'Castro', '11888888888', 'Biblioteca', 'Gabriel Castro', 'Doação de livros', '11:45:00', '2023-04-17'),
('Tatiane', 'Ribeiro', '11888889999', 'Tesouraria', 'Tatiane Ribeiro', 'Consulta de débitos', '14:00:00', '2023-04-18'),
('Bruno', 'Carvalho', '11777771111', 'TI', 'Bruno Carvalho', 'Problema de rede', '15:15:00', '2023-04-19'),
('Vanessa', 'Cardoso', '11777772222', 'Aluno', 'Vanessa Cardoso', 'Dúvida sobre estágio', '16:25:00', '2023-04-20');

INSERT INTO SenhaUsuario (Email, Senha) VALUES
('joao.silva@email.com', 'J0@0_2023'),
('maria.souza@email.com', 'M@r1a_123'),
('carlos.oliveira@email.com', 'C@rl0s_456'),
('ana.costa@email.com', 'An@_789'),
('pedro.rocha@email.com', 'P3dr0_R'),
('juliana.lima@email.com', 'Jul1@n@'),
('marcos.pereira@email.com', 'M@rc0sP'),
('fernanda.alves@email.com', 'EuAmoAMirela.com.br'),
('ricardo.mendes@email.com', 'R1c@rd0'),
('patricia.gomes@email.com', 'P@tr1c1@'),
('lucas.martins@email.com', 'lucas'),
('amanda.barbosa@email.com', 'Am@nd@B'),
('roberto.santos@email.com', 'R0bert0_S'),
('carla.ferreira@email.com', 'senhamuitoseguradacarla'),
('felipe.rodrigues@email.com', 'F3l1p3_R'),
('sandra.nunes@email.com', 'S@ndr@_N'),
('gabriel.castro@email.com', 'G@br1el_C'),
('tatiane.ribeiro@email.com', 'T@t1_R1b'),
('bruno.carvalho@email.com', 'Batata123'),
('vanessa.cardoso@email.com', 'V@n3ss@C');

-- Utilizando todas as mensagens inseridas anteriormente
INSERT INTO Enviar (Nome, Sobrenome, Telefone, TempoMensagem, DataMensagem)
SELECT 
    NomeUsuario, 
    SobrenomeUsuario, 
    TelefoneUsuario, 
    TempoMensagem, 
    DataMensagem 
FROM Mensagem;

INSERT INTO Chefia VALUES
('DEP001', 'Carlos', 'Oliveira', '11999993333'),
('DEP002', 'Amanda', 'Barbosa', '11888883333'),
('DEP003', 'Vanessa', 'Cardoso', '11777772222'),
('DEP004', 'Ana', 'Costa', '11999994444'),
('DEP005', 'Fernanda', 'Alves', '11999998888'),
('DEP006', 'Sandra', 'Nunes', '11888887777'),
('DEP007', 'Fernanda', 'Alves', '11999998888'),
('DEP008', 'Carlos', 'Oliveira', '11999993333'),
('DEP009', 'Amanda', 'Barbosa', '11888883333'),
('DEP010', 'Ana', 'Costa', '11999994444'),
('DEP011', 'Sandra', 'Nunes', '11888887777'),
('DEP012', 'Vanessa', 'Cardoso', '11777772222'),
('DEP013', 'Carlos', 'Oliveira', '11999993333'),
('DEP014', 'Vanessa', 'Cardoso', '11777772222'),
('DEP015', 'Ana', 'Costa', '11999994444'),
('DEP016', 'Sandra', 'Nunes', '11888887777'),
('DEP017', 'Fernanda', 'Alves', '11999998888'),
('DEP018', 'Amanda', 'Barbosa', '11888883333'),
('DEP019', 'Carlos', 'Oliveira', '11999993333'),
('DEP020', 'Ana', 'Costa', '11999994444');

-- Gerando registros de recebimento
INSERT INTO Receber (Nome, Sobrenome, Telefone, TempoMensagem, DataMensagem) VALUES
('Ricardo', 'Mendes', '11999999999', '09:15:00', '2023-04-01'),
('Patrícia', 'Gomes', '11888881111', '10:30:00', '2023-04-02'),
('Lucas', 'Martins', '11888882222', '11:45:00', '2023-04-03'),
('Amanda', 'Barbosa', '11888883333', '14:20:00', '2023-04-04'),
('Roberto', 'Santos', '11888884444', '15:10:00', '2023-04-05'),
('Sandra', 'Nunes', '11888887777', '08:30:00', '2023-04-06'),
('Gabriel', 'Castro', '11888888888', '16:45:00', '2023-04-07'),
('Tatiane', 'Ribeiro', '11888889999', '09:05:00', '2023-04-08'),
('Bruno', 'Carvalho', '11777771111', '10:15:00', '2023-04-09'),
('Vanessa', 'Cardoso', '11777772222', '11:25:00', '2023-04-10'),
('João', 'Silva', '11999991111', '13:40:00', '2023-04-11'),
('Maria', 'Souza', '11999992222', '14:50:00', '2023-04-12'),
('Carlos', 'Oliveira', '11999993333', '15:55:00', '2023-04-13'),
('Ana', 'Costa', '11999994444', '08:10:00', '2023-04-14'),
('Pedro', 'Rocha', '11999995555', '09:20:00', '2023-04-15'),
('Juliana', 'Lima', '11999996666', '10:30:00', '2023-04-16'),
('Marcos', 'Pereira', '11999997777', '11:45:00', '2023-04-17'),
('Fernanda', 'Alves', '11999998888', '14:00:00', '2023-04-18'),
('Ricardo', 'Mendes', '11999999999', '15:15:00', '2023-04-19'),
('Patrícia', 'Gomes', '11888881111', '16:25:00', '2023-04-20');

INSERT INTO Exigir VALUES
('Frequência mínima de 75%', 'CUR001'),
('Nota mínima para aprovação: 7.0', 'CUR001'),
('Frequência mínima de 75%', 'CUR002'),
('Prova final obrigatória para média entre 4.0-6.9', 'CUR002'),
('Entrega de trabalho final obrigatória', 'CUR003'),
('Participação em 80% das atividades práticas', 'CUR004'),
('Cumprimento do código de ética acadêmica', 'CUR005'),
('Limite máximo de faltas: 25% da carga horária', 'CUR006'),
('Apresentação de documento oficial nas avaliações', 'CUR007'),
('Requisito de 200 horas de atividades complementares', 'CUR008'),
('Defesa pública de TCC obrigatória', 'CUR009'),
('Nível B2 em língua estrangeira comprovado', 'CUR010'),
('Publicação de artigo científico', 'CUR011'),
('Estágio supervisionado obrigatório', 'CUR012'),
('Participação em evento científico', 'CUR013'),
('Entrega de relatórios quinzenais', 'CUR014'),
('Avaliação contínua do desempenho', 'CUR015'),
('Projeto integrador semestral', 'CUR016'),
('Exame de qualificação para mestrado', 'CUR017'),
('Defesa de dissertação para doutorado', 'CUR018'),
('Frequência mínima de 75%', 'CUR019');

INSERT INTO Necessitar VALUES
('Laboratório de Informática', 'CUR001'),
('Projetor Multimídia', 'CUR001'),
('Lousa Digital', 'CUR002'),
('Microscópios Binoculares', 'CUR003'),
('Bancada de Química', 'CUR004'),
('Kit de Anatomia Humana', 'CUR005'),
('Simuladores Médicos', 'CUR006'),
('Estúdio de Gravação', 'CUR007'),
('Instrumentos Musicais', 'CUR008'),
('Quadra Poliesportiva Coberta', 'CUR009'),
('Biblioteca com Acervo Atualizado', 'CUR010'),
('Sala de Videoconferência', 'CUR011'),
('Computadores de Alto Desempenho', 'CUR012'),
('Software de Simulação de Engenharia', 'CUR013'),
('Máquinas de Prototipagem', 'CUR014'),
('Laboratório de Robótica', 'CUR015'),
('Estufas para Pesquisa Botânica', 'CUR016'),
('Tanques para Estudos Aquáticos', 'CUR017'),
('Acervo de Obras de Arte', 'CUR018'),
('Equipamentos de Educação Física Adaptada', 'CUR019');

INSERT INTO Avaliar VALUES
('DISC001', 'João', 'Silva', '11999991111', 5, 4, 5, 4),
('DISC002', 'Juliana', 'Lima', '11999996666', 4, 5, 4, 3),
('DISC003', 'Maria', 'Souza', '11999992222', 5, 5, 5, 4),
('DISC004', 'Patrícia', 'Gomes', '11888881111', 3, 4, 5, 2),
('DISC005', 'Marcos', 'Pereira', '11999997777', 4, 3, 4, 5),
('DISC006', 'Lucas', 'Martins', '11888882222', 5, 4, 3, 4),
('DISC007', 'Carla', 'Ferreira', '11888885555', 4, 5, 4, 3),
('DISC008', 'Felipe', 'Rodrigues', '11888886666', 2, 3, 4, 1),
('DISC009', 'Tatiane', 'Ribeiro', '11888889999', 5, 5, 5, 5),
('DISC010', 'Bruno', 'Carvalho', '11777771111', 4, 4, 4, 4),
('DISC011', 'João', 'Silva', '11999991111', 3, 4, 5, 2),
('DISC012', 'Maria', 'Souza', '11999992222', 5, 3, 4, 5),
('DISC013', 'Juliana', 'Lima', '11999996666', 4, 5, 4, 3),
('DISC014', 'Marcos', 'Pereira', '11999997777', 1, 2, 3, 2),
('DISC015', 'Patrícia', 'Gomes', '11888881111', 5, 4, 5, 4),
('DISC016', 'Lucas', 'Martins', '11888882222', 4, 3, 4, 4),
('DISC017', 'Carla', 'Ferreira', '11888885555', 5, 5, 5, 5),
('DISC018', 'Felipe', 'Rodrigues', '11888886666', 3, 3, 3, 2),
('DISC019', 'Tatiane', 'Ribeiro', '11888889999', 4, 4, 5, 4),
('DISC020', 'Bruno', 'Carvalho', '11777771111', 5, 4, 4, 3);